epoch,time,train/box_loss,train/seg_loss,train/cls_loss,train/dfl_loss,metrics/precision(B),metrics/recall(B),metrics/mAP50(B),metrics/mAP50-95(B),metrics/precision(M),metrics/recall(M),metrics/mAP50(M),metrics/mAP50-95(M),val/box_loss,val/seg_loss,val/cls_loss,val/dfl_loss,lr/pg0,lr/pg1,lr/pg2
1,180.254,0.8096,1.26582,1.75926,0.98878,0.4771,0.91892,0.63141,0.52652,0.47711,0.91891,0.63157,0.49309,0.62985,0.94232,1.03232,0.93664,9.2516e-05,9.2516e-05,9.2516e-05
2,349.879,0.68989,1.0044,1.00324,0.93049,0.4314,0.88754,0.46329,0.38407,0.4314,0.88754,0.46321,0.35675,0.63124,0.87904,1.49262,0.94316,0.000183349,0.000183349,0.000183349
3,518.165,0.66724,0.97038,0.73045,0.92394,0.87363,0.89407,0.93643,0.7837,0.87409,0.89463,0.93673,0.7302,0.62906,0.86918,0.57446,0.93758,0.000272348,0.000272348,0.000272348
4,686.402,0.66925,0.96977,0.64713,0.92286,0.97285,0.9719,0.98184,0.83138,0.97225,0.97131,0.98122,0.77925,0.60243,0.84893,0.42449,0.91984,0.000269743,0.000269743,0.000269743
5,854.901,0.65566,0.94933,0.57261,0.91908,0.95663,0.95413,0.97661,0.8307,0.95663,0.95413,0.97661,0.7787,0.59876,0.84201,0.43229,0.92356,0.000266991,0.000266991,0.000266991
6,1023.44,0.65011,0.93536,0.514,0.91572,0.95336,0.9637,0.97768,0.8265,0.95336,0.9637,0.97789,0.77175,0.61594,0.87022,0.42186,0.92871,0.000264239,0.000264239,0.000264239
7,1192.22,0.63296,0.91482,0.48837,0.91051,0.94505,0.96622,0.98332,0.83577,0.94458,0.96747,0.9839,0.78147,0.6109,0.8366,0.41902,0.92732,0.000261487,0.000261487,0.000261487
8,1360.14,0.63073,0.90047,0.47873,0.91249,0.96994,0.97556,0.98322,0.84196,0.96951,0.97457,0.98279,0.78065,0.58363,0.8395,0.36811,0.91911,0.000258735,0.000258735,0.000258735
9,1528.23,0.62123,0.89525,0.44298,0.90846,0.96778,0.97697,0.98232,0.8459,0.96694,0.97717,0.98216,0.78814,0.58401,0.83083,0.36769,0.91443,0.000255982,0.000255982,0.000255982
10,1696.09,0.61222,0.88685,0.43521,0.90482,0.97348,0.97369,0.98307,0.83721,0.97255,0.97391,0.98236,0.78621,0.59356,0.81232,0.36988,0.9248,0.00025323,0.00025323,0.00025323
11,1863.48,0.60987,0.87769,0.43003,0.90415,0.88181,0.90516,0.94398,0.80858,0.88175,0.90515,0.94399,0.75414,0.58701,0.82139,0.51208,0.92338,0.000250478,0.000250478,0.000250478
12,2031.75,0.60618,0.87082,0.42749,0.90081,0.97099,0.97573,0.98076,0.84367,0.97039,0.97512,0.98085,0.78748,0.57969,0.82132,0.36284,0.91543,0.000247726,0.000247726,0.000247726
13,2200.33,0.60113,0.86682,0.4048,0.89944,0.95214,0.96497,0.97812,0.84082,0.95046,0.96325,0.97734,0.7872,0.59072,0.8046,0.37825,0.9199,0.000244974,0.000244974,0.000244974
14,2368.28,0.60124,0.85665,0.40374,0.90066,0.96551,0.96747,0.98125,0.83941,0.9621,0.97129,0.98133,0.78713,0.59689,0.82205,0.36052,0.92957,0.000242221,0.000242221,0.000242221
15,2536.9,0.59208,0.84936,0.39618,0.89548,0.9699,0.97907,0.98205,0.84626,0.96987,0.97903,0.98195,0.7905,0.59564,0.79771,0.35194,0.92375,0.000239469,0.000239469,0.000239469
16,2705.1,0.59108,0.85229,0.38332,0.89631,0.9649,0.96192,0.97923,0.84448,0.96528,0.96226,0.97892,0.78494,0.57998,0.81346,0.3713,0.92144,0.000236717,0.000236717,0.000236717
17,2873.74,0.58842,0.83852,0.37952,0.89253,0.96624,0.97171,0.98263,0.85017,0.96533,0.97137,0.98206,0.79127,0.56936,0.81112,0.35198,0.91195,0.000233965,0.000233965,0.000233965
18,3042.3,0.57898,0.834,0.36591,0.88898,0.97212,0.98034,0.98223,0.85046,0.96943,0.98206,0.98174,0.79378,0.56915,0.81031,0.3354,0.91661,0.000231213,0.000231213,0.000231213
19,3210.43,0.57674,0.83296,0.3637,0.8899,0.96821,0.97634,0.98356,0.85012,0.96757,0.9757,0.98276,0.78975,0.57612,0.82547,0.3513,0.9163,0.00022846,0.00022846,0.00022846
20,3379.21,0.57212,0.81927,0.35881,0.88622,0.97192,0.97632,0.98527,0.85893,0.97159,0.97813,0.98447,0.79844,0.56785,0.80154,0.33284,0.91664,0.000225708,0.000225708,0.000225708
21,3546.88,0.56657,0.8172,0.35156,0.88552,0.9731,0.9802,0.98344,0.85071,0.97251,0.97959,0.98304,0.79515,0.58264,0.82131,0.33667,0.92745,0.000222956,0.000222956,0.000222956
22,3714.57,0.56303,0.80808,0.3452,0.88319,0.95459,0.96353,0.97874,0.84638,0.95402,0.96296,0.9782,0.78856,0.57528,0.82653,0.3622,0.92,0.000220204,0.000220204,0.000220204
23,3882.31,0.56152,0.80772,0.34942,0.88136,0.96798,0.97393,0.9831,0.85449,0.96689,0.9728,0.98197,0.79507,0.57429,0.8254,0.34162,0.91779,0.000217452,0.000217452,0.000217452
24,4050.38,0.55725,0.80239,0.34225,0.8795,0.97336,0.98018,0.98529,0.86171,0.97226,0.97898,0.98386,0.80291,0.56476,0.81535,0.32369,0.91657,0.000214699,0.000214699,0.000214699
25,4218.81,0.55169,0.80026,0.34874,0.87769,0.97669,0.97715,0.98284,0.85561,0.97669,0.97714,0.98231,0.79253,0.56606,0.83254,0.32645,0.91676,0.000211947,0.000211947,0.000211947
26,4387.2,0.55262,0.79921,0.33397,0.87639,0.9723,0.9783,0.98074,0.85024,0.97136,0.97736,0.97978,0.79209,0.57056,0.82839,0.3274,0.91562,0.000209195,0.000209195,0.000209195
27,4555.84,0.54567,0.78905,0.33004,0.87445,0.96607,0.97433,0.97949,0.84956,0.96505,0.97353,0.97828,0.79121,0.57895,0.83417,0.34348,0.919,0.000206443,0.000206443,0.000206443
28,4723.25,0.53662,0.78003,0.3219,0.87275,0.97253,0.98006,0.98459,0.85156,0.97192,0.97946,0.98389,0.79773,0.58376,0.82077,0.3201,0.92311,0.000203691,0.000203691,0.000203691
29,4891.75,0.54214,0.78388,0.32532,0.87016,0.975,0.97926,0.98083,0.84437,0.97451,0.97748,0.97975,0.78747,0.6008,0.83137,0.32935,0.93546,0.000200938,0.000200938,0.000200938
30,5059.73,0.53247,0.77324,0.31899,0.86862,0.97685,0.97608,0.9829,0.85363,0.97566,0.97438,0.98125,0.79502,0.57492,0.83151,0.32663,0.92513,0.000198186,0.000198186,0.000198186
31,5227.84,0.53182,0.77074,0.31465,0.86765,0.96963,0.9779,0.98419,0.85313,0.96961,0.97787,0.9841,0.798,0.58616,0.83392,0.32753,0.93003,0.000195434,0.000195434,0.000195434
32,5396.21,0.52411,0.76451,0.31319,0.86356,0.97314,0.9771,0.98213,0.84514,0.97309,0.97704,0.98137,0.78968,0.59548,0.83722,0.32504,0.93222,0.000192682,0.000192682,0.000192682
33,5564.71,0.51984,0.76013,0.3068,0.86129,0.97403,0.97823,0.9836,0.85361,0.97287,0.97706,0.9829,0.7948,0.58425,0.85599,0.32388,0.93714,0.00018993,0.00018993,0.00018993
34,5733.08,0.52109,0.7589,0.30758,0.86211,0.95818,0.97342,0.98084,0.85231,0.95763,0.97285,0.97962,0.79322,0.58021,0.83943,0.34016,0.92382,0.000187177,0.000187177,0.000187177
35,5901.6,0.51382,0.75084,0.30016,0.85782,0.9653,0.97056,0.97624,0.84505,0.96471,0.96996,0.97575,0.78725,0.58877,0.84381,0.34079,0.93097,0.000184425,0.000184425,0.000184425
36,6069.13,0.50782,0.74735,0.29904,0.85803,0.97011,0.97186,0.98034,0.85489,0.96764,0.96921,0.97868,0.79878,0.57705,0.84807,0.32753,0.92586,0.000181673,0.000181673,0.000181673
37,6237.51,0.50776,0.74183,0.298,0.8558,0.96871,0.96768,0.97766,0.84926,0.9681,0.96708,0.9767,0.78907,0.58273,0.85668,0.33068,0.93481,0.000178921,0.000178921,0.000178921
38,6406.03,0.50373,0.73767,0.29342,0.8539,0.94551,0.94297,0.95683,0.83472,0.94439,0.94138,0.9553,0.77355,0.56743,0.85072,0.4146,0.92525,0.000176169,0.000176169,0.000176169
39,6574.64,0.49547,0.73221,0.2873,0.85196,0.96801,0.97144,0.97979,0.85222,0.96769,0.97048,0.97787,0.79341,0.58508,0.85614,0.32748,0.92751,0.000173416,0.000173416,0.000173416
40,6742.92,0.49253,0.7308,0.28843,0.85081,0.97149,0.97183,0.97936,0.8496,0.97134,0.97213,0.97941,0.79494,0.58902,0.85805,0.33329,0.93773,0.000170664,0.000170664,0.000170664
41,6912.23,0.48903,0.72298,0.28604,0.84876,0.97255,0.972,0.97828,0.85282,0.97132,0.97085,0.97726,0.79431,0.57614,0.87821,0.32625,0.93329,0.000167912,0.000167912,0.000167912
42,7080.4,0.48418,0.71915,0.28001,0.84666,0.97158,0.9773,0.98021,0.85299,0.97041,0.97613,0.9795,0.79332,0.58075,0.85598,0.31763,0.93634,0.00016516,0.00016516,0.00016516
43,7248.76,0.48006,0.71235,0.27723,0.84406,0.97772,0.97911,0.98135,0.85102,0.97772,0.9791,0.9806,0.79322,0.59028,0.8655,0.31438,0.93559,0.000162408,0.000162408,0.000162408
44,7417.18,0.48045,0.71258,0.27967,0.84548,0.96528,0.9593,0.97734,0.84966,0.96393,0.95827,0.97604,0.79145,0.57986,0.8688,0.34237,0.93016,0.000159655,0.000159655,0.000159655
45,7585.02,0.47548,0.71028,0.27662,0.84291,0.9567,0.97451,0.97767,0.85192,0.96783,0.96057,0.97595,0.79496,0.57587,0.8634,0.33432,0.93498,0.000156903,0.000156903,0.000156903
46,7753.71,0.47073,0.70052,0.27519,0.84116,0.97362,0.9762,0.98149,0.85338,0.97314,0.97443,0.98009,0.79236,0.58832,0.87809,0.3145,0.94341,0.000154151,0.000154151,0.000154151
47,7922.02,0.46765,0.70011,0.27252,0.83891,0.97208,0.97505,0.97941,0.85075,0.97118,0.97355,0.97803,0.79372,0.5931,0.884,0.324,0.95137,0.000151399,0.000151399,0.000151399
48,8090.21,0.46265,0.69636,0.26782,0.83803,0.97372,0.97702,0.98206,0.85362,0.97257,0.97578,0.98116,0.7979,0.58902,0.89054,0.31947,0.94451,0.000148647,0.000148647,0.000148647
49,8257.91,0.45974,0.69586,0.26856,0.83838,0.97724,0.97653,0.98082,0.84743,0.97622,0.97523,0.9799,0.79251,0.60051,0.88208,0.32212,0.95127,0.000145894,0.000145894,0.000145894
50,8425.96,0.45898,0.69309,0.26721,0.83587,0.9787,0.97806,0.98216,0.85392,0.9787,0.97806,0.98193,0.79861,0.5904,0.87568,0.31211,0.94494,0.000143142,0.000143142,0.000143142
51,8593.76,0.45433,0.68487,0.26663,0.83606,0.97099,0.97598,0.98174,0.85228,0.97,0.9738,0.98016,0.79257,0.58844,0.89649,0.31501,0.95112,0.00014039,0.00014039,0.00014039
52,8762.42,0.45029,0.68053,0.26241,0.83294,0.97311,0.97533,0.98002,0.85601,0.97252,0.97519,0.97978,0.7973,0.57651,0.89307,0.31005,0.93842,0.000137638,0.000137638,0.000137638
53,8930.68,0.44636,0.68067,0.26009,0.83211,0.97284,0.9748,0.98217,0.84977,0.97166,0.97363,0.98135,0.79337,0.59472,0.92113,0.31512,0.95194,0.000134886,0.000134886,0.000134886
54,9098.77,0.44227,0.67453,0.25663,0.83087,0.97624,0.97785,0.98114,0.85505,0.97529,0.97639,0.98009,0.7954,0.58662,0.91263,0.30885,0.95087,0.000132133,0.000132133,0.000132133
55,9266.42,0.44009,0.67249,0.25657,0.83046,0.97435,0.9727,0.98129,0.85508,0.97318,0.9718,0.98091,0.79569,0.58263,0.89521,0.31213,0.94838,0.000129381,0.000129381,0.000129381
56,9434.33,0.43863,0.66656,0.25668,0.82961,0.97433,0.97395,0.98106,0.85382,0.97328,0.97264,0.97961,0.79632,0.58448,0.90121,0.31816,0.94578,0.000126629,0.000126629,0.000126629
57,9602.74,0.43438,0.66355,0.25517,0.82817,0.97569,0.97776,0.98265,0.8552,0.97484,0.97657,0.98186,0.79722,0.58452,0.9095,0.30991,0.94973,0.000123877,0.000123877,0.000123877
58,9771.12,0.43409,0.66665,0.25271,0.82804,0.97103,0.97214,0.97771,0.85162,0.96881,0.97134,0.97674,0.79203,0.58352,0.92162,0.32341,0.94923,0.000121125,0.000121125,0.000121125
59,9938.82,0.42809,0.65736,0.24885,0.82699,0.97341,0.97562,0.97959,0.85377,0.97278,0.97409,0.97928,0.79285,0.58538,0.9239,0.31435,0.95274,0.000118372,0.000118372,0.000118372
60,10106.7,0.42266,0.65166,0.24713,0.82552,0.97379,0.97551,0.98137,0.8544,0.9715,0.975,0.97955,0.79626,0.58782,0.917,0.312,0.95277,0.00011562,0.00011562,0.00011562
61,10275.3,0.42067,0.64976,0.2466,0.82272,0.97189,0.96553,0.97771,0.84993,0.97141,0.96427,0.97725,0.79123,0.59096,0.93514,0.32723,0.96213,0.000112868,0.000112868,0.000112868
62,10443.2,0.4204,0.64776,0.24559,0.8236,0.97101,0.96748,0.97676,0.84854,0.96942,0.96569,0.97551,0.79057,0.59429,0.9288,0.33092,0.95581,0.000110116,0.000110116,0.000110116
63,10611.2,0.41558,0.64038,0.24441,0.82176,0.97739,0.97583,0.98168,0.8546,0.97597,0.97386,0.97888,0.79393,0.58893,0.93891,0.30528,0.95697,0.000107364,0.000107364,0.000107364
64,10779.3,0.41336,0.63875,0.24303,0.82125,0.97206,0.97347,0.98081,0.85448,0.97123,0.97193,0.97931,0.7942,0.58546,0.94264,0.313,0.96083,0.000104611,0.000104611,0.000104611
65,10947.6,0.41237,0.64071,0.24414,0.82118,0.97599,0.97457,0.98228,0.85547,0.97397,0.97315,0.98073,0.79958,0.58787,0.93335,0.30677,0.95883,0.000101859,0.000101859,0.000101859
66,11115.2,0.40634,0.63426,0.23828,0.82027,0.97537,0.97272,0.98115,0.85368,0.97481,0.97215,0.98046,0.7949,0.59197,0.93845,0.31169,0.96123,9.9107e-05,9.9107e-05,9.9107e-05
67,11283.8,0.40321,0.62732,0.23884,0.81878,0.97687,0.97434,0.98131,0.85521,0.97513,0.9726,0.98009,0.79759,0.59252,0.9426,0.30988,0.96801,9.63548e-05,9.63548e-05,9.63548e-05
68,11451.4,0.39969,0.62592,0.2366,0.81825,0.97514,0.97148,0.9801,0.85142,0.974,0.97026,0.9794,0.79413,0.5924,0.95168,0.30571,0.96626,9.36026e-05,9.36026e-05,9.36026e-05
69,11620.7,0.40256,0.6252,0.23904,0.81718,0.97435,0.97611,0.98121,0.85435,0.97319,0.97495,0.98067,0.79679,0.59771,0.94814,0.30711,0.96791,9.08504e-05,9.08504e-05,9.08504e-05
70,11789.4,0.39465,0.62238,0.23251,0.81628,0.97898,0.97634,0.98262,0.85658,0.97779,0.97409,0.98111,0.79899,0.59368,0.95577,0.30161,0.96371,8.80982e-05,8.80982e-05,8.80982e-05
71,11957.7,0.39562,0.62045,0.23427,0.81554,0.97343,0.9771,0.98038,0.85268,0.9717,0.97534,0.97889,0.79361,0.59641,0.96454,0.30652,0.96586,8.5346e-05,8.5346e-05,8.5346e-05
72,12125.9,0.38954,0.61685,0.23217,0.81398,0.97602,0.97302,0.98158,0.85293,0.97472,0.97078,0.98043,0.79513,0.59651,0.9533,0.30782,0.96757,8.25938e-05,8.25938e-05,8.25938e-05
73,12294.2,0.39065,0.61248,0.23153,0.81407,0.97829,0.97653,0.98284,0.85415,0.97677,0.97467,0.98201,0.79893,0.59923,0.96817,0.299,0.96821,7.98416e-05,7.98416e-05,7.98416e-05
74,12462.5,0.38522,0.60605,0.22828,0.81255,0.97558,0.97667,0.98181,0.85502,0.97442,0.9755,0.98137,0.79618,0.59945,0.98351,0.30628,0.97239,7.70894e-05,7.70894e-05,7.70894e-05
75,12630.8,0.38339,0.60532,0.2273,0.81209,0.979,0.97522,0.98264,0.85637,0.97727,0.97348,0.98148,0.80018,0.59242,0.99966,0.29736,0.96651,7.43372e-05,7.43372e-05,7.43372e-05
76,12799.2,0.38074,0.60788,0.22546,0.81214,0.97738,0.978,0.98298,0.85641,0.97564,0.97624,0.98219,0.80022,0.591,0.97311,0.29693,0.96457,7.1585e-05,7.1585e-05,7.1585e-05
77,12967,0.37832,0.60221,0.22489,0.81211,0.97603,0.97768,0.98297,0.85653,0.97487,0.97651,0.98221,0.79668,0.59469,1.00039,0.30232,0.96996,6.88328e-05,6.88328e-05,6.88328e-05
78,13135.9,0.37907,0.59786,0.2245,0.81033,0.97845,0.97569,0.98305,0.85728,0.97681,0.97392,0.98194,0.79853,0.59546,0.9981,0.30221,0.97085,6.60806e-05,6.60806e-05,6.60806e-05
79,13304.7,0.37375,0.59351,0.22168,0.80953,0.97703,0.97392,0.98072,0.85406,0.97585,0.97275,0.98,0.79757,0.59501,0.97686,0.30618,0.974,6.33284e-05,6.33284e-05,6.33284e-05
80,13472.9,0.37568,0.59796,0.22376,0.81001,0.96927,0.96777,0.97656,0.85004,0.96847,0.96651,0.97593,0.78962,0.59329,0.99174,0.33031,0.96973,6.05762e-05,6.05762e-05,6.05762e-05
81,13641.3,0.37158,0.59367,0.22349,0.80927,0.97115,0.96962,0.97746,0.85086,0.96887,0.96731,0.97595,0.79226,0.59516,0.98061,0.31982,0.97247,5.7824e-05,5.7824e-05,5.7824e-05
82,13809.6,0.36801,0.58938,0.22044,0.80831,0.97452,0.97527,0.98022,0.85526,0.97405,0.97374,0.97948,0.79634,0.60064,0.9934,0.30999,0.9737,5.50718e-05,5.50718e-05,5.50718e-05
83,13977.2,0.36406,0.58533,0.21937,0.8072,0.97503,0.97347,0.98,0.85367,0.97452,0.97235,0.97928,0.79606,0.59148,1.00081,0.30665,0.96818,5.23196e-05,5.23196e-05,5.23196e-05
84,14143.1,0.36422,0.5828,0.2187,0.8064,0.97352,0.97525,0.98031,0.853,0.97306,0.97355,0.97947,0.79935,0.59558,0.9985,0.30772,0.9746,4.95674e-05,4.95674e-05,4.95674e-05
85,14308.6,0.3613,0.58069,0.21848,0.80685,0.97459,0.97415,0.98024,0.85411,0.97367,0.97287,0.97951,0.798,0.59649,0.99775,0.30459,0.97741,4.68152e-05,4.68152e-05,4.68152e-05
86,14476.2,0.36174,0.58058,0.21768,0.80681,0.97819,0.97528,0.9809,0.85352,0.97717,0.97417,0.98006,0.79673,0.59818,1.00007,0.29932,0.97407,4.4063e-05,4.4063e-05,4.4063e-05
87,14645.9,0.3586,0.57685,0.21541,0.80635,0.97732,0.97486,0.98104,0.85151,0.97653,0.97378,0.98027,0.79791,0.59988,1.01533,0.30377,0.97735,4.13108e-05,4.13108e-05,4.13108e-05
88,14811.3,0.35717,0.57606,0.21375,0.80515,0.97485,0.97874,0.9808,0.85447,0.97392,0.97693,0.98003,0.79726,0.59612,1.01526,0.30161,0.97681,3.85586e-05,3.85586e-05,3.85586e-05
89,14980.8,0.35759,0.57771,0.21427,0.806,0.97769,0.97511,0.98073,0.85355,0.97673,0.97383,0.98015,0.79774,0.59753,1.01999,0.30411,0.97317,3.58064e-05,3.58064e-05,3.58064e-05
90,15151.1,0.35411,0.57282,0.2133,0.80437,0.97625,0.97577,0.98124,0.85328,0.97546,0.97443,0.98067,0.7972,0.59994,1.02014,0.30025,0.97599,3.30542e-05,3.30542e-05,3.30542e-05
91,15322.3,0.32502,0.54848,0.1899,0.79332,0.97579,0.98008,0.98147,0.85447,0.9747,0.97899,0.98091,0.79699,0.5985,1.02048,0.29547,0.98053,3.0302e-05,3.0302e-05,3.0302e-05
92,15471.5,0.31583,0.53759,0.18499,0.79002,0.97425,0.97804,0.98099,0.85335,0.97304,0.97691,0.98043,0.79609,0.60416,1.03741,0.29905,0.9879,2.75498e-05,2.75498e-05,2.75498e-05
93,15622.2,0.31479,0.5353,0.18504,0.79027,0.97588,0.97514,0.98133,0.85285,0.97529,0.97464,0.98115,0.79743,0.60353,1.04321,0.29906,0.98515,2.47976e-05,2.47976e-05,2.47976e-05
94,15774.9,0.3131,0.53478,0.18447,0.78937,0.97496,0.97699,0.98164,0.85608,0.97441,0.97652,0.9816,0.79863,0.60165,1.04462,0.29899,0.98681,2.20454e-05,2.20454e-05,2.20454e-05
95,15927.3,0.30948,0.53254,0.18233,0.78875,0.97554,0.97692,0.98086,0.85546,0.97472,0.97555,0.98018,0.79716,0.60207,1.04782,0.29945,0.98658,1.92932e-05,1.92932e-05,1.92932e-05
96,16079.8,0.30576,0.52664,0.18182,0.7874,0.97533,0.97676,0.98076,0.8553,0.97476,0.97619,0.9803,0.79694,0.60227,1.05171,0.29767,0.98774,1.6541e-05,1.6541e-05,1.6541e-05
97,16232.5,0.30692,0.52959,0.18114,0.78759,0.97498,0.97635,0.98097,0.85416,0.97441,0.97578,0.98052,0.79793,0.60257,1.05006,0.29762,0.98982,1.37888e-05,1.37888e-05,1.37888e-05
98,16385,0.30352,0.52376,0.17946,0.78657,0.97526,0.97757,0.98076,0.85352,0.97469,0.977,0.98043,0.79631,0.60393,1.06153,0.29644,0.98692,1.10366e-05,1.10366e-05,1.10366e-05
99,16534.6,0.30384,0.52284,0.18,0.78676,0.97612,0.97696,0.98059,0.85327,0.97555,0.97639,0.98025,0.79627,0.60321,1.06886,0.29575,0.98892,8.2844e-06,8.2844e-06,8.2844e-06
100,16686.4,0.30077,0.52117,0.17803,0.78617,0.97684,0.97693,0.98062,0.85379,0.97576,0.97571,0.97993,0.79694,0.60226,1.0694,0.29657,0.98784,5.5322e-06,5.5322e-06,5.5322e-06
